{
	 "skeleton": {
		 "ATTOVERCOG": [0.000000,-13.142368,34.222420],
		 "BackLeftleg1": [4.770000,6.130000,0.930001],
		 "BackLeftleg2": [5.000000,7.149999,5.671430],
		 "BackLeftleg3": [5.406780,8.355930,12.000001],
		 "backRightleg1": [-3.770000,6.130000,0.930001],
		 "backRightleg2": [-4.000000,7.149999,5.671430],
		 "backRightleg3": [-4.406780,8.355930,12.000001],
		 "Body": [0.500000,-2.310107,12.940766],
		 "bodyPosition": [0.000000,0.000000,12.487452],
		 "FrontLeftleg1": [4.698113,-9.924528,0.915093],
		 "FrontLeftleg2": [4.276382,-8.095478,5.653265],
		 "FrontLeftleg3": [5.460000,-6.370002,11.039999],
		 "FrontRightleg1": [-3.698113,-9.924528,0.915093],
		 "FrontRightleg2": [-3.276382,-8.095478,5.653265],
		 "FrontRightleg3": [-5.000000,-6.500002,11.999999],
		 "Head": [0.500000,-14.505909,22.783463],
		 "Leftwing1": [2.500000,-1.000003,15.500001],
		 "Leftwing2": [5.865979,-1.278353,15.500000],
		 "Leftwing3": [15.841409,-2.462558,15.499999],
		 "Neck": [0.500000,-11.044784,14.179100],
		 "Rightwing1": [-1.500000,-1.000003,15.500001],
		 "Rightwing2": [-4.865979,-1.278353,15.500000],
		 "Rightwing3": [-14.841409,-2.462558,15.499999],
		 "root": [0.000000,0.000000,0.000000],
		 "Tail1": [0.500000,11.953123,12.453127],
		 "Tail2": [0.500000,17.403845,10.711542],
		 "Tail3": [0.500000,22.452379,8.880957],
		 "Torso": [0.500000,6.574466,12.546100]
	},
	"animation_root" : "file(animations)",
   "effects_root": "file(effects)",
   "postures" : "file(postures.json)",
   "conversation_effects": "file(conversation_effects.json)"
}
