{
	 "skeleton": {
		 "ATTOVERCOG": [0.000000,0.000000,136.756180],
		 "frame": [0.001330,-0.000407,74.850128],
		 "gate1": [-0.000083,0.000025,10.693152],
		 "gate2": [-0.000062,-0.000002,24.533072],
		 "gate3": [-0.000062,-0.000004,36.533070],
		 "gate4": [-0.000062,-0.000006,48.533066],
		 "gate5": [-0.000062,-0.000008,60.533066],
		 "gate6": [-0.000081,-0.000010,72.533073],
		 "gate7": [-0.000062,-0.000013,84.533066],
		 "gate8": [-0.000062,-0.000015,96.533073],
		 "gate9": [-0.000062,-0.000017,108.533073],
		 "root": [0.000000,0.000000,0.000000]
	},
 	"animation_root" : "file(animations)",
   	   "effects_root": "file(effects)"
}
