{
	 "skeleton": {
		 "ATTOVERCOG": [20.070089,14.649515,135.308487],
		 "bodyPosition": [20.502964,14.513021,47.376102],
		 "frame": [20.001070,14.999536,72.076065],
		 "leftDoor": [65.000000,15.000000,0.000000],
		 "rightDoor": [-25.000000,15.000000,0.000000],
		 "root": [0.000000,0.000000,0.000000]
	},
	   "animation_root" : "file(animations)",
   	   "effects_root": "file(effects)"
}