{
	 "skeleton": {
		 "ATTOVERCOG": [-0.563484,-1.016851,41.981510],
		 "body": [-1.500009,3.269266,15.092267],
		 "bodyPosition": [-2.294587,1.424662,14.775208],
		 "head": [-1.488811,-25.076553,27.777384],
		 "leftBackLeg1": [3.499998,9.999994,15.500002],
		 "leftBackLeg2": [2.623288,9.999996,10.876715],
		 "leftBackLeg3": [2.500002,9.166658,6.166667],
		 "leftBackPaw": [2.500001,7.692305,1.353847],
		 "leftFrontLeg2": [2.499997,-14.812490,6.374997],
		 "leftFrontPaw": [2.500000,-17.255810,1.488369],
		 "leftWing1": [1.428570,0.928576,18.500000],
		 "leftWing2": [8.431437,-1.745783,18.499996],
		 "leftWing3": [28.749296,0.450087,18.500000],
		 "legFrontLeg1": [3.140188,-13.584105,13.948598],
		 "neck": [-1.795141,-19.537729,17.727751],
		 "rightBackLeg1": [-6.500000,9.999994,16.000002],
		 "rightBackLeg2": [-5.719511,9.999994,11.280490],
		 "rightBackLeg3": [-5.500000,9.166658,6.166667],
		 "rightBackPaw": [-5.500001,7.692305,1.353847],
		 "rightFrontLeg1": [-5.499999,-13.999990,13.999997],
		 "rightFrontLeg2": [-5.500001,-14.619993,6.219998],
		 "rightFrontPaw": [-5.499999,-16.913042,1.554346],
		 "rightWing1": [-4.428571,0.928576,18.500000],
		 "rightWing2": [-11.431432,-1.745783,18.499998],
		 "rightWing3": [-31.749243,0.450087,18.500000],
		 "root": [0.000000,0.000000,0.000000],
		 "tail1": [-1.499998,20.286406,15.934280],
		 "tail2": [-1.500002,32.722218,13.027781],
		 "tail3": [-1.500000,40.000004,11.000006],
		 "torso": [-1.340363,-10.387341,15.119935]
	},
	"animation_root" : "file(animations)",
   "effects_root": "file(effects)",
   "postures" : "file(postures.json)",
   "conversation_effects": "file(conversation_effects.json)"
}
