{
	 "skeleton": {
		 "ATTOVERCOG": [20.070089,14.649515,135.308487],
		 "bodyPosition": [20.502964,14.513021,47.376102],
		 "frame": [20.001070,14.999536,72.076065],
		 "leftDoor": [44.319122,10.082855,49.568802],
		 "rightDoor": [-4.285637,9.992332,49.645630],
		 "root": [0.000000,0.000000,0.000000]
	},
	   "animation_root" : "file(animations)",
   	   "effects_root": "file(effects)"
}
